id,title,score,num_comments,author,created_utc,url,over_18,edited,spoiler,stickied,tag_type
17lcrfj,What do y'all think about Biden's new AI regulation?,96,133,ColumbiaGSAlum,2023-11-01 13:59:16,https://www.reddit.com/r/MachineLearning/comments/17lcrfj/d_what_do_yall_think_about_bidens_new_ai/,False,False,False,False,Discussion
17lbvma,LangCheck: a multi-lingual toolkit to evaluate LLM applications,42,5,kennysong,2023-11-01 13:15:23,https://www.reddit.com/r/MachineLearning/comments/17lbvma/p_langcheck_a_multilingual_toolkit_to_evaluate/,False,False,False,False,Project
17lreuq,AAAI 24 Reviews,20,11,tallguyfromstats,2023-11-02 00:54:55,https://www.reddit.com/r/MachineLearning/comments/17lreuq/d_aaai_24_reviews/,False,False,False,False,Discussion
17lgjrl,"With LLMs hallucinating nature, how do we create a credible production ready application?",7,35,software-n-erd,2023-11-01 16:51:39,https://www.reddit.com/r/MachineLearning/comments/17lgjrl/d_with_llms_hallucinating_nature_how_do_we_create/,False,False,False,False,Discussion
17lmxk7,Zephyr: Direct Distillation of LM Alignment - state-of-the-art for 7B parameter chat models,7,1,APaperADay,2023-11-01 21:35:01,https://www.reddit.com/r/MachineLearning/comments/17lmxk7/r_zephyr_direct_distillation_of_lm_alignment/,False,False,False,False,Research
17lo15m,Self Attention from First Principles (A video),4,1,AvvYaa,2023-11-01 22:22:29,https://www.reddit.com/r/MachineLearning/comments/17lo15m/d_self_attention_from_first_principles_a_video/,False,False,False,False,Discussion
17lcfc1,LLM-VM: Fine-tune anywhere & avoid big models.,6,3,mmirman,2023-11-01 13:42:39,https://www.reddit.com/r/MachineLearning/comments/17lcfc1/p_llmvm_finetune_anywhere_avoid_big_models/,False,False,False,False,Project
17lbocx,Data Pipelines for Data Products,3,0,growth_man,2023-11-01 13:05:02,https://www.reddit.com/r/MachineLearning/comments/17lbocx/d_data_pipelines_for_data_products/,False,False,False,False,Discussion
17ly8n8,Separate model for outliers,3,0,No_Purchase8883,2023-11-02 07:39:45,https://www.reddit.com/r/MachineLearning/comments/17ly8n8/separate_model_for_outliers_r_outliers_regression/,False,False,False,False,Research
17lku39,how to understand structural equivalence discovered by Node2Vec?,4,0,Illustrious-Pay-7516,2023-11-01 20:01:32,https://www.reddit.com/r/MachineLearning/comments/17lku39/d_how_to_understand_structural_equivalence/,False,False,False,False,Discussion
17lj74h,Need Help About Height Map Analysis,4,2,PlayerWell,2023-11-01 18:48:31,https://www.reddit.com/r/MachineLearning/comments/17lj74h/d_need_help_about_height_map_analysis/,False,False,False,False,Discussion
17lysiv,Are LLMs good for parameter suggestion?,0,2,XRatorX,2023-11-02 08:23:52,https://www.reddit.com/r/MachineLearning/comments/17lysiv/d_are_llms_good_for_parameter_suggestion/,False,False,False,False,Discussion
17lsn4k,Do 'Cash Cow' ML Masters programs help you get jobs in the US?,1,1,Speuce,2023-11-02 01:53:43,https://www.reddit.com/r/MachineLearning/comments/17lsn4k/d_do_cash_cow_ml_masters_programs_help_you_get/,False,False,False,False,Discussion
17m0glx,Tools for creating ASR datasets,1,0,afrodata,2023-11-02 10:31:13,https://www.reddit.com/r/MachineLearning/comments/17m0glx/d_tools_for_creating_asr_datasets/,False,False,False,False,Discussion
17lu6bq,New to DNABERT,1,0,Amazing_Aide_,2023-11-02 03:10:00,https://www.reddit.com/r/MachineLearning/comments/17lu6bq/d_new_to_dnabert/,False,False,False,False,Discussion
17lt6x9,Coursera Specialization or Course for Online Learning and Ensemble methods,1,0,aleradamantis,2023-11-02 02:20:33,https://www.reddit.com/r/MachineLearning/comments/17lt6x9/d_coursera_specialization_or_course_for_online/,False,False,False,False,Discussion
17laey5,", , ,  Dataset for evaluate algorithms on sensor calibration",1,2,Calosss22,2023-11-01 11:57:11,https://www.reddit.com/r/MachineLearning/comments/17laey5/research_r_project_p_dataset_for_evaluate/,False,False,False,False,Project
17lyudi,demystifying-llama-index-with-zephyr-7b-alpha-beta-a-pydantic-powered-query-engine-guide,0,0,Fit_Maintenance_2455,2023-11-02 08:28:12,https://www.reddit.com/r/MachineLearning/comments/17lyudi/d/,False,False,False,False,Discussion
17lwhrp,Deployment of AI models on Jetson Nano,0,3,gautamrbharadwaj,2023-11-02 05:28:33,https://www.reddit.com/r/MachineLearning/comments/17lwhrp/r_deployment_of_ai_models_on_jetson_nano/,False,False,False,False,Research
17lfvit,"professionally, is data collection carried within a notebook?",0,12,obvslynot,2023-11-01 16:21:56,https://www.reddit.com/r/MachineLearning/comments/17lfvit/d_professionally_is_data_collection_carried/,False,False,False,False,Discussion
17lt457,Sample size for ML?,0,1,Tyron_Slothrop,2023-11-02 02:16:39,https://www.reddit.com/r/MachineLearning/comments/17lt457/discussion_sample_size_for_ml/,False,False,False,False,None
17lxcon,Is LLM the way to extract out certain text from a longer text?,0,8,plsendfast,2023-11-02 06:30:31,https://www.reddit.com/r/MachineLearning/comments/17lxcon/d_is_llm_the_way_to_extract_out_certain_text_from/,False,False,False,False,Discussion
17lqpfp,Career Path for pursuing job in Machine Learning and Operations Research,0,1,pulkit_mundra,2023-11-02 00:21:38,https://www.reddit.com/r/MachineLearning/comments/17lqpfp/d_career_path_for_pursuing_job_in_machine/,False,False,False,False,Discussion
17lv3mw,"If money was no object, what would your ultimate AI setup look like?",0,13,Reddit__PI,2023-11-02 04:00:28,https://www.reddit.com/r/MachineLearning/comments/17lv3mw/d_if_money_was_no_object_what_would_your_ultimate/,False,False,False,False,Discussion
17lw3gu,M3 pro for Machine Learning/ Deep learning?,0,19,deadengineerssociety,2023-11-02 05:01:56,https://www.reddit.com/r/MachineLearning/comments/17lw3gu/m3_pro_for_machine_learning_deep_learning_d/,False,False,False,False,Discussion
